Time,Eps,-Eps,Error,Actuator-Eps,Actuator,Actuator+Eps,Sensor
0.004,5.0,-5.0,-0.759790243272,-123.902665147,-119.500019832,-113.902665147,-119.17968396
0.017,5.0,-5.0,0.628582309316,-123.305310463,-118.305310463,-113.305310463,-119.531247457
0.028,5.0,-5.0,1.40171874223,-122.707955778,-117.707955778,-112.707955778,-119.707029205
0.04,5.0,-5.0,2.65616494557,-121.453509575,-117.050864259,-112.050864259,-119.707029205
0.052,5.0,-5.0,3.34141050424,-120.856154891,-116.453509575,-110.856154891,-119.794920079
0.065,5.0,-5.0,3.93876518867,-120.258800206,-115.258800206,-110.258800206,-119.794920079
0.079,5.0,-5.0,4.5361198731,-119.661445522,-114.661445522,-109.661445522,-119.707029205
0.091,5.0,-5.0,5.29136804058,-118.466749813,-114.064097668,-109.064097668,-119.355465708
0.104,5.0,-5.0,5.44926152362,-117.869401959,-113.466749813,-107.869401959,-118.476556966
0.116,5.0,-5.0,5.60715500666,-117.272054105,-112.869401959,-107.272054105,-117.94921172
0.128,5.0,-5.0,5.67715761547,-116.674706251,-111.674706251,-106.674706251,-117.509757349
0.14,5.0,-5.0,5.30770585307,-116.077358396,-111.077358396,-106.077358396,-116.982412104
0.151,5.0,-5.0,5.97508363687,-114.882662688,-110.480010542,-105.480010542,-116.455094179
0.164,5.0,-5.0,6.04508624568,-114.285314834,-109.882662688,-104.285314834,-115.927748933
0.175,5.0,-5.0,6.02719798024,-113.687966979,-109.285314834,-103.687966979,-114.697276694
0.188,5.0,-5.0,6.0093097148,-113.090619125,-108.090619125,-103.090619125,-114.082040574
0.2,5.0,-5.0,5.97353318393,-112.493271271,-107.493271271,-102.493271271,-113.466804455
0.211,5.0,-5.0,6.04353579273,-111.298575562,-106.895923417,-101.895923417,-112.939459209
0.222,5.0,-5.0,5.84986577882,-110.701227708,-106.298575562,-101.298575562,-112.148441341
0.234,5.0,-5.0,5.83197751338,-110.044143019,-105.701227708,-100.044143019,-110.917969102
0.246,5.0,-5.0,5.87382608243,-109.446795165,-105.044143019,-99.4467951652,-110.214842108
0.257,5.0,-5.0,5.76804694275,-108.849447311,-103.849447311,-98.8494473109,-109.511715114
0.269,5.0,-5.0,5.5564886634,-108.252099457,-103.252099457,-98.2520994567,-108.80858812
0.281,5.0,-5.0,4.94125254372,-107.654751602,-102.654751602,-97.6547516024,-108.193352
0.294,5.0,-5.0,5.43282125829,-106.460055894,-102.057403748,-97.0574037482,-107.490225006
0.306,5.0,-5.0,5.32706943937,-105.86270804,-101.460055894,-95.8627080397,-106.083998339
0.32,5.0,-5.0,5.22129029969,-105.265360185,-100.265360185,-95.2653601855,-105.556653094
0.334,5.0,-5.0,5.18551376882,-104.070664477,-99.6680123312,-94.6680123312,-104.8535261
0.345,5.0,-5.0,5.25551637762,-103.473316623,-99.070664477,-93.4733166227,-103.710944735
0.357,5.0,-5.0,5.23762811219,-102.875968769,-98.4733166227,-92.8759687685,-103.095708615
0.369,5.0,-5.0,5.21973984675,-102.278620914,-97.2786209143,-92.2786209143,-102.392581621
0.381,5.0,-5.0,5.11396070707,-101.68127306,-96.68127306,-91.68127306,-101.777345502
0.392,5.0,-5.0,5.0781841762,-100.486577352,-96.0839252058,-91.0839252058,-101.162109382
0.404,5.0,-5.0,4.97240503653,-99.8892294973,-95.4865773515,-89.8892294973,-100.458982388
0.415,5.0,-5.0,5.04240764533,-99.291881643,-94.8892294973,-89.291881643,-99.2285101487
0.427,5.0,-5.0,4.93662850565,-98.6945337888,-93.6945337888,-88.6945337888,-98.5253831548
0.439,5.0,-5.0,4.83084936598,-98.0971859346,-93.0971859346,-88.0971859346,-97.9980379093
0.451,5.0,-5.0,4.19775230162,-97.4998380803,-92.4998380803,-87.4998380803,-97.2949382362
0.463,5.0,-5.0,4.83694872491,-96.2454055374,-91.8427533916,-86.2454055374,-96.6797021165
0.475,5.0,-5.0,4.90695133371,-95.6480576831,-91.2454055374,-85.6480576831,-95.4492298772
0.487,5.0,-5.0,4.80117219403,-95.0507098289,-90.6480576831,-85.0507098289,-94.8339937575
0.5,5.0,-5.0,4.7832839286,-94.4533619746,-89.4533619746,-84.4533619746,-94.1308667636
0.51,5.0,-5.0,4.67750478892,-93.8560141204,-88.8560141204,-83.8560141204,-93.4277397696
0.522,5.0,-5.0,4.04438040381,-93.2586662662,-88.2586662662,-83.2586662662,-92.9003945242
0.533,5.0,-5.0,4.62383999261,-92.6613184119,-87.6613184119,-82.6613184119,-92.2851584045
0.544,5.0,-5.0,4.51806085294,-91.4666227034,-87.0639705577,-82.0639705577,-91.5820314106
0.557,5.0,-5.0,4.5001725875,-90.8692748492,-86.4666227034,-80.8692748492,-90.3515591712
0.569,5.0,-5.0,4.48228432206,-90.2719269949,-85.2719269949,-80.2719269949,-89.6484321773
0.581,5.0,-5.0,4.37650518239,-89.6745791407,-84.6745791407,-79.6745791407,-89.1210869319
0.592,5.0,-5.0,3.74338079727,-89.0772312865,-84.0772312865,-79.0772312865,-88.417959938
0.603,5.0,-5.0,4.32284038608,-87.882535578,-83.4798834322,-78.4798834322,-87.8027238183
0.615,5.0,-5.0,4.3049794414,-87.2851877237,-82.882535578,-77.2851877237,-87.1875150194
0.627,5.0,-5.0,4.19920030172,-86.6878398695,-82.2851877237,-76.6878398695,-85.95704278
0.639,5.0,-5.0,4.26920291053,-86.0904920152,-81.0904920152,-76.0904920152,-85.2539157861
0.65,5.0,-5.0,3.54818765117,-85.493144161,-80.493144161,-75.493144161,-84.6386796664
0.661,5.0,-5.0,4.18738407446,-84.8360594723,-79.8360594723,-74.8360594723,-84.0234435467
0.673,5.0,-5.0,4.16949580902,-84.238711618,-79.238711618,-74.238711618,-83.4082074271
0.685,5.0,-5.0,4.15160754359,-83.0440159096,-78.6413637638,-73.6413637638,-82.7929713074
0.697,5.0,-5.0,3.95793752967,-82.4466680553,-78.0440159096,-72.4466680553,-82.0019534392
0.708,5.0,-5.0,3.94004926424,-81.8493202011,-76.8493202011,-71.8493202011,-80.7714811999
0.719,5.0,-5.0,3.9221609988,-81.2519723468,-76.8493202011,-71.2519723468,-80.1562450802
0.73,5.0,-5.0,3.90427273336,-80.6546244926,-75.6546244926,-70.6546244926,-79.4531180863
0.741,5.0,-5.0,3.79849359369,-80.0572766384,-75.0572766384,-70.0572766384,-78.8378819666
0.753,5.0,-5.0,3.16536920857,-79.4599287841,-74.4599287841,-69.4599287841,-78.2226458469
0.765,5.0,-5.0,3.74485611813,-78.8625809299,-73.8625809299,-68.8625809299,-77.607437048
0.776,5.0,-5.0,3.63907697846,-77.6678852214,-73.2652330756,-68.2652330756,-76.9043100541
0.788,5.0,-5.0,3.62118871302,-77.070530537,-72.6678852214,-67.070530537,-76.2890739344
0.8,5.0,-5.0,3.69119815201,-76.4731758525,-71.4731758525,-66.4731758525,-75.1464925693
0.81,5.0,-5.0,3.67331671677,-75.8758211681,-70.8758211681,-65.8758211681,-74.5312564496
0.823,5.0,-5.0,2.9523082876,-75.2784733138,-70.2784733138,-65.2784733138,-73.8281294557
0.834,5.0,-5.0,3.53176787641,-74.0837776054,-69.6811254596,-64.6811254596,-73.212893336
0.845,5.0,-5.0,3.51387961097,-73.4864297511,-69.0837776054,-64.0837776054,-72.5976572163
0.856,5.0,-5.0,3.49599134554,-72.8293450624,-68.4864297511,-62.8293450624,-71.2792941027
0.869,5.0,-5.0,3.44994904034,-72.2319972082,-67.2319972082,-62.2319972082,-70.7519488573
0.881,5.0,-5.0,3.51995164914,-71.6346425237,-66.6346425237,-61.6346425237,-70.0488218634
0.892,5.0,-5.0,2.71105234574,-70.4399331549,-66.0372878393,-61.0372878393,-69.3456948695
0.905,5.0,-5.0,3.37841646916,-69.8425784704,-65.4399331549,-60.4399331549,-68.818349624
0.915,5.0,-5.0,3.18478060619,-69.2452306162,-64.8425784704,-59.2452306162,-68.0273590766
0.926,5.0,-5.0,3.254783215,-68.647882762,-64.2452306162,-59.2452306162,-67.5000138312
0.938,5.0,-5.0,3.14900407532,-68.0505280775,-63.647882762,-58.0505280775,-66.7968868373
0.95,5.0,-5.0,2.95534089159,-67.4531733931,-63.0505280775,-57.4531733931,-65.3027419752
0.962,5.0,-5.0,2.84956858211,-66.8558187087,-61.8558187087,-56.8558187087,-64.6875058555
0.973,5.0,-5.0,2.83168714686,-66.2584640242,-61.2584640242,-56.2584640242,-64.1601606101
0.984,5.0,-5.0,2.19856959194,-65.6611093398,-60.6611093398,-55.6611093398,-63.4570336162
0.996,5.0,-5.0,2.77803601093,-64.4664136313,-60.0637614856,-55.0637614856,-62.8417974965
1.008,5.0,-5.0,2.67225687125,-63.8690657771,-59.4664136313,-53.8690657771,-62.1386705026
1.019,5.0,-5.0,2.65436860582,-63.2717179228,-58.8690657771,-53.2717179228,-60.9081982632
1.031,5.0,-5.0,2.63648034038,-62.6743632384,-57.6743632384,-52.6743632384,-60.2929621435
1.043,5.0,-5.0,2.60071405479,-62.0770119691,-57.0770119691,-52.0770119691,-59.6777260239
1.054,5.0,-5.0,2.58282920445,-61.4796606997,-56.4796606997,-51.4796606997,-59.0624899042
1.066,5.0,-5.0,2.56494435411,-60.2849581611,-55.8823094304,-50.2849581611,-58.4472537845
1.077,5.0,-5.0,2.45919595028,-59.6876068917,-55.2849581611,-49.6876068917,-57.7441541113
1.089,5.0,-5.0,2.52920197418,-59.0902556224,-54.0902556224,-49.0902556224,-56.6015727462
1.102,5.0,-5.0,1.89608100416,-58.4331709337,-53.4331709337,-48.4331709337,-55.9863366265
1.114,5.0,-5.0,2.53528084254,-57.238468395,-52.8358196643,-47.8358196643,-55.3711005069
1.126,5.0,-5.0,2.42950511796,-57.238468395,-52.238468395,-47.238468395,-54.6679735129
1.137,5.0,-5.0,2.41162026762,-56.0437658563,-51.6411171256,-46.6411171256,-54.0527373933
1.149,5.0,-5.0,2.30584454304,-55.446414587,-51.0437658563,-45.446414587,-53.3496103994
1.161,5.0,-5.0,2.20006881846,-54.8490633176,-50.446414587,-44.8490633176,-52.0312472858
1.173,5.0,-5.0,2.18218396812,-54.2517120483,-49.2517120483,-44.2517120483,-51.3281202918
1.185,5.0,-5.0,1.5490629981,-53.654360779,-48.654360779,-43.654360779,-50.8007750464
1.198,5.0,-5.0,1.95274766861,-52.4596582403,-48.0570095096,-42.4596582403,-49.3945210586
1.216,5.0,-5.0,1.31964035897,-51.862306971,-46.862306971,-41.862306971,-48.7792985993
1.227,5.0,-5.0,1.81121590373,-50.6676044323,-46.2649557016,-41.2649557016,-48.0761716053
1.239,5.0,-5.0,1.6175493049,-50.0702531629,-45.6676044323,-40.6676044323,-47.2851537372
1.25,5.0,-5.0,1.51177358032,-49.4729018936,-45.0702531629,-39.4729018936,-46.5820267433
1.26,5.0,-5.0,1.40601151612,-48.8755506243,-44.4729018936,-38.8755506243,-45.0878955416
1.273,5.0,-5.0,1.2123449173,-48.2781993549,-43.2781993549,-38.2781993549,-44.4726594219
1.285,5.0,-5.0,0.31555132456,-47.6808480856,-42.6808480856,-37.6808480856,-43.5937506795
1.297,5.0,-5.0,0.807126869315,-46.4861455469,-42.0834968163,-37.0834968163,-42.8906236856
1.308,5.0,-5.0,0.525569396254,-45.8887942776,-41.4861455469,-35.8887942776,-42.0117149432
1.32,5.0,-5.0,0.331916457811,-45.2914430083,-40.2914430083,-35.2914430083,-40.6054746157
1.333,5.0,-5.0,0.31403160747,-44.6343583195,-39.6343583195,-34.6343583195,-39.990238496
1.347,5.0,-5.0,-0.435137691643,-44.0370070502,-39.0370070502,-34.0370070502,-39.1992206279
1.358,5.0,-5.0,0.0564378531118,-42.8423045115,-38.4396557809,-33.4396557809,-38.496093634
1.37,5.0,-5.0,0.0385530027701,-42.2449532422,-37.8423045115,-32.2449532422,-37.8808575143
1.382,5.0,-5.0,0.0206681524285,-41.6476019729,-37.2449532422,-31.6476019729,-36.6503852749
1.392,5.0,-5.0,0.00278330208678,-41.0502507035,-36.6476019729,-31.0502507035,-36.0351628156
1.404,5.0,-5.0,-0.0150878878766,-40.4528994342,-35.4528994342,-30.4528994342,-35.419926696
1.415,5.0,-5.0,-0.0329727382182,-39.8555481648,-34.8555481648,-29.8555481648,-34.8925814505
1.427,5.0,-5.0,-0.578202833998,-39.2581968955,-34.2581968955,-29.2581968955,-34.2773453308
1.44,5.0,-5.0,0.0891544592362,-38.0634943568,-33.6608456262,-28.0634943568,-33.7500000854
1.451,5.0,-5.0,0.0712696088945,-37.4661430875,-33.0634943568,-27.4661430875,-32.6074187203
1.463,5.0,-5.0,0.141275632793,-36.8687918182,-31.8687918182,-26.8687918182,-31.9921826006
1.474,5.0,-5.0,0.123390782451,-36.2714405488,-31.2714405488,-26.2714405488,-31.3769601413
1.485,5.0,-5.0,-0.421825652951,-35.6740892795,-30.6740892795,-25.6740892795,-30.8496148959
1.496,5.0,-5.0,0.129486726285,-34.4793833257,-30.0170011757,-25.0170011757,-30.146487902
1.508,5.0,-5.0,0.227650205037,-33.8820320564,-29.4793833257,-23.8820320564,-29.7070335308
1.519,5.0,-5.0,0.209765354695,-33.284680787,-28.8820320564,-23.284680787,-28.4765612914
1.531,5.0,-5.0,0.191880504353,-32.6275943908,-27.6275943908,-22.6275943908,-27.8613251717
1.542,5.0,-5.0,0.233730780945,-32.0302431214,-27.0302431214,-22.0302431214,-27.1581981778
1.553,5.0,-5.0,0.127955056364,-31.4328918521,-26.4328918521,-21.4328918521,-26.6308665927
1.565,5.0,-5.0,0.19797474064,-30.8355405828,-25.8355405828,-20.8355405828,-25.9277395988
1.576,5.0,-5.0,0.0921990160587,-30.2381893134,-25.2381893134,-20.2381893134,-25.2246126049
1.588,5.0,-5.0,0.0564293153754,-29.6408380441,-24.6408380441,-19.6408380441,-24.6972673595
1.599,5.0,-5.0,0.0385444650337,-29.0434867748,-24.0434867748,-19.0434867748,-24.0820312398
1.609,5.0,-5.0,0.020659614692,-27.8487842361,-23.4461355054,-18.4461355054,-23.4667951201
1.621,5.0,-5.0,0.09066563859,-27.2514329667,-22.8487842361,-17.2514329667,-22.9394498747
1.632,5.0,-5.0,0.0727807882484,-26.6540816974,-22.2514329667,-16.6540816974,-21.7968821699
1.643,5.0,-5.0,0.142800472525,-26.0567304281,-21.0567304281,-16.0567304281,-21.093755176
1.656,5.0,-5.0,0.0370247479433,-25.4593791587,-20.4593791587,-15.4593791587,-20.5664099306
1.667,5.0,-5.0,-0.420314473597,-24.8620278894,-19.8620278894,-14.8620278894,-20.0390646851
1.677,5.0,-5.0,-0.526090198178,-24.2646766201,-19.2646766201,-14.2646766201,-19.3359376912
1.689,5.0,-5.0,0.141267095056,-23.0699740814,-18.6673253507,-13.6673253507,-18.8085924458
1.702,5.0,-5.0,0.123382244714,-22.4726228121,-18.0699740814,-12.4726228121,-17.4902293322
1.714,5.0,-5.0,0.017606520133,-21.8752715427,-16.8752715427,-11.8752715427,-16.9628977471
1.725,5.0,-5.0,0.0876262044094,-21.2779202734,-16.2779202734,-11.2779202734,-16.3476616275
1.736,5.0,-5.0,-0.54549476561,-20.680569004,-15.680569004,-10.680569004,-15.7324255078
1.747,5.0,-5.0,0.0339716533844,-20.0832177347,-15.0832177347,-10.0832177347,-15.1171893881
1.758,5.0,-5.0,0.103977677282,-18.888515196,-14.4858664654,-9.48586646538,-14.5898441427
1.769,5.0,-5.0,0.17398370118,-18.2314287998,-13.888515196,-8.23142879977,-14.0624988972
1.781,5.0,-5.0,0.215833977772,-17.6340775304,-13.2314287998,-7.63407753043,-12.8320266579
1.794,5.0,-5.0,0.197949127431,-17.0367262611,-12.0367262611,-7.0367262611,-12.2167905382
1.805,5.0,-5.0,-0.435158182211,-16.4393749918,-11.4393749918,-6.43937499176,-11.6015680789
1.817,5.0,-5.0,-0.453043032552,-15.8420237224,-10.8420237224,-5.84202372242,-10.9863319592
1.827,5.0,-5.0,-0.470927882894,-15.2446724531,-10.2446724531,-5.24467245309,-10.3710958395
1.839,5.0,-5.0,0.0206476618609,-14.6473211838,-9.64732118375,-4.64732118375,-9.66796884561
1.851,5.0,-5.0,0.00276281151927,-13.4526186451,-9.04996991442,-3.45261864508,-9.05273272593
1.863,5.0,-5.0,0.0727688354173,-12.8552673757,-8.45261864508,-2.85526737574,-7.91015136082
1.875,5.0,-5.0,0.0548839850756,-12.2579161064,-7.25791610641,-2.25791610641,-7.38280611538
1.887,5.0,-5.0,0.124890008974,-11.6605648371,-6.66056483707,-1.66056483707,-6.76758365608
1.9,5.0,-5.0,0.0891339686687,-11.0632135677,-6.06321356773,-1.06321356773,-6.1523475364
1.911,5.0,-5.0,0.159139992567,-9.86851102906,-5.4658622984,0.131488970939,-5.62500229096
1.922,5.0,-5.0,0.229146016465,-9.27115975972,-4.86851102906,0.728840240275,-5.09765704553
1.934,5.0,-5.0,0.299152040363,-8.67380849039,-4.27115975972,1.32619150961,-3.95507568041
1.945,5.0,-5.0,0.281267190021,-8.07645722105,-3.07645722105,1.92354277895,-3.42773043497
1.956,5.0,-5.0,0.351273213919,-7.47910595172,-2.47910595172,2.52089404828,-2.81249431529
1.967,5.0,-5.0,-0.281834095722,-6.88175468238,-1.88175468238,3.11824531762,-2.19727185599
1.978,5.0,-5.0,0.297632323272,-6.28440341304,-1.28440341304,3.71559658696,-1.58203573632
1.989,5.0,-5.0,0.36763829381,-5.02996585416,-0.687052197067,4.97003414584,-1.05469049088
2.002,5.0,-5.0,0.409488517041,-4.43261458482,-0.0299658541578,5.56738541518,-0.439454371199
2.014,5.0,-5.0,0.391603666699,-3.83526342221,0.567385415179,6.16473657779,0.791017868158
2.026,5.0,-5.0,-0.241517410042,-3.23791215287,1.76208784713,6.76208784713,1.40625398784
2.038,5.0,-5.0,0.355833859294,-2.64056088353,2.35943911647,7.35943911647,2.02149010751
2.049,5.0,-5.0,-0.277273450347,-2.0432096142,2.9567903858,7.9567903858,2.63671256681
2.063,5.0,-5.0,0.214302094408,-0.848506862081,3.55414165514,9.15149313792,3.33983956073
2.074,5.0,-5.0,0.196417457509,-0.251155592745,4.15149313792,9.74884440725,4.48242092585
2.086,5.0,-5.0,0.266423481407,0.346195676591,5.34619567659,10.3461956766,5.09765704553
2.099,5.0,-5.0,-0.278806614373,0.943546945928,5.94354694593,10.9435469459,5.62500229096
2.11,5.0,-5.0,-0.296691464714,1.54089821526,6.54089821526,11.5408982153,6.24023841064
2.123,5.0,-5.0,0.37066582852,2.73560075394,7.1382494846,12.7356007539,6.76758365608
2.134,5.0,-5.0,0.352794638557,3.33295202327,7.73560075394,13.3329520233,7.99804223506
2.146,5.0,-5.0,0.334909788215,3.93030329261,8.93030329261,13.9303032926,8.5253874805
2.158,5.0,-5.0,-0.210320307565,4.52765456195,9.52765456195,14.5276545619,9.14062360017
2.17,5.0,-5.0,0.36914611143,5.72235710062,10.1250058313,15.1250058313,9.75585971985
2.181,5.0,-5.0,0.527043009568,6.31970836996,10.7223571006,16.31970837,10.1953140911
2.193,5.0,-5.0,0.509158159226,6.91705963929,11.31970837,16.9170596393,11.4257863304
2.205,5.0,-5.0,0.491273308884,7.51441090863,12.5144109086,17.5144109086,12.0410224501
2.216,5.0,-5.0,0.473388458543,8.1714973049,13.1714973049,18.1714973049,12.6562449094
2.227,5.0,-5.0,-0.0999837241652,8.76884857423,13.7688485742,18.7688485742,13.2714810291
2.239,5.0,-5.0,0.479482694829,9.36619984357,14.3661998436,19.3661998436,13.8867171487
2.251,5.0,-5.0,0.461597844488,9.96355111291,14.9635511129,19.9635511129,14.5019532684
2.262,5.0,-5.0,0.531603868386,11.1582536516,15.5609023822,20.5609023822,15.0292985139
2.274,5.0,-5.0,0.425828143804,11.7556049209,16.1582536516,21.7556049209,16.3476616275
2.287,5.0,-5.0,0.407943293463,12.3529561903,17.3529561903,22.3529561903,16.8750068729
2.3,5.0,-5.0,-0.137273141939,12.9503074596,17.9503074596,22.9503074596,17.4902293322
2.311,5.0,-5.0,0.442193277056,13.5476587289,18.5476587289,23.5476587289,18.1054654519
2.321,5.0,-5.0,0.512199300954,14.7423612676,19.1450099983,24.1450099983,18.6328106973
2.335,5.0,-5.0,0.494314450612,15.3397125369,19.7423612676,25.3397125369,19.8632829367
2.349,5.0,-5.0,0.47642960027,15.9370638063,20.9370638063,25.9370638063,20.3906281821
2.36,5.0,-5.0,-0.0688004955095,16.5344150756,21.5344150756,26.5344150756,21.0058643018
2.372,5.0,-5.0,0.510665923485,17.7291176143,22.1317663449,27.1317663449,21.6211004215
2.383,5.0,-5.0,0.580685607762,18.3264688836,22.7291176143,27.7291176143,22.1484320065
2.394,5.0,-5.0,0.56280075742,18.923820153,23.3264688836,28.923820153,22.7636681262
2.405,5.0,-5.0,0.544915907078,19.5211714223,23.923820153,29.5211714223,23.9062494913
2.417,5.0,-5.0,0.614921930976,20.1185226916,25.1185226916,30.1185226916,24.521485611
2.429,5.0,-5.0,0.597037080635,20.715873961,25.715873961,30.715873961,25.0488308564
2.44,5.0,-5.0,0.0518069848545,21.3132252303,26.3132252303,31.3132252303,25.6640669761
2.452,5.0,-5.0,0.719164278089,22.5676628959,26.9105764996,31.9105764996,26.1914122215
2.463,5.0,-5.0,0.761028215059,23.1650141652,27.5676628959,33.1650141652,27.3339799263
2.475,5.0,-5.0,0.831034238957,23.762363727,28.1650141652,33.762363727,27.3339799263
2.487,5.0,-5.0,0.813147681068,24.3597149964,28.762363727,34.3597149964,28.5644521656
2.5,5.0,-5.0,0.795262830727,24.9570662657,29.9570662657,34.9570662657,29.2675791596
2.511,5.0,-5.0,0.162141860707,25.554417535,30.554417535,35.554417535,29.794924405
2.522,5.0,-5.0,0.741608279702,26.1517688044,31.1517688044,36.1517688044,30.4101605247
2.534,5.0,-5.0,0.72372342936,27.346471343,31.7491200737,36.7491200737,31.0253966444
2.545,5.0,-5.0,0.705852239397,27.9438226124,32.346471343,37.9438226124,31.6406191037
2.556,5.0,-5.0,0.687967389055,28.5411738817,32.9438226124,38.5411738817,32.7832004688
2.568,5.0,-5.0,0.757973412953,29.1385251511,34.1385251511,39.1385251511,33.3105457142
2.581,5.0,-5.0,0.300634191413,29.7358764204,34.7358764204,39.7358764204,33.8378909596
2.593,5.0,-5.0,0.880100610407,30.3332276897,35.3332276897,40.3332276897,34.4531270793
2.604,5.0,-5.0,0.862215760066,31.5279302284,35.9305789591,40.9305789591,35.068363199
2.615,5.0,-5.0,1.0201126582,32.1252814977,36.5279302284,42.1252814977,35.5078175702
2.627,5.0,-5.0,0.914336933622,32.7226327671,37.1252814977,42.7226327671,36.7382761492
2.64,5.0,-5.0,0.36912049822,33.3199840364,38.3199840364,43.3199840364,37.3535122689
2.651,5.0,-5.0,0.351235647879,33.9173353057,38.9173353057,43.9173353057,37.9687483885
2.663,5.0,-5.0,0.930702066873,35.1120378444,39.5146865751,44.5146865751,38.5839845082
2.674,5.0,-5.0,0.912817216532,35.7093891138,40.1120378444,45.7093891138,39.1992206279
2.685,5.0,-5.0,0.89493236619,36.3067403831,40.7093891138,46.3067403831,40.2539111188
2.698,5.0,-5.0,1.05282926433,36.9040916524,41.9040916524,46.9040916524,40.8691472384
2.709,5.0,-5.0,0.419721954686,37.5014429218,42.5014429218,47.5014429218,41.4843696977
2.721,5.0,-5.0,1.05892520816,38.1585310256,43.1585310256,48.1585310256,42.0996058174
2.733,5.0,-5.0,1.12893123206,38.7558822949,43.7558822949,48.7558822949,42.6269510629
2.744,5.0,-5.0,1.02315550748,39.3532335643,44.3532335643,49.3532335643,43.3300780568
2.754,5.0,-5.0,1.00527065714,40.5479361029,44.9505848336,49.9505848336,43.9453141765
2.767,5.0,-5.0,1.07527668104,41.1452873723,45.5479361029,51.1452873723,44.4726594219
2.778,5.0,-5.0,1.05739183069,41.7426386416,46.1452873723,51.7426386416,45.7031316613
2.788,5.0,-5.0,1.03950698035,42.3399899109,47.3399899109,52.3399899109,46.3183541206
2.801,5.0,-5.0,1.02163579039,42.9373411803,47.9373411803,52.9373411803,46.845699366
2.813,5.0,-5.0,0.476405694608,44.1320437189,48.5346924496,53.5346924496,47.4609354857
2.825,5.0,-5.0,1.14376298784,44.7293949883,49.1320437189,54.1320437189,47.9882807311
2.837,5.0,-5.0,1.1258781375,45.3267462576,50.3267462576,55.3267462576,49.2187529705
2.85,5.0,-5.0,1.10799328716,45.924097527,50.924097527,55.924097527,49.6582073417
2.862,5.0,-5.0,1.24800533496,46.5214487963,51.5214487963,56.5214487963,50.2734434613
2.873,5.0,-5.0,1.31801135885,47.7758881694,52.1188000656,57.1188000656,50.8007887068
2.886,5.0,-5.0,1.35987700337,48.3732394388,52.7758881694,58.3732394388,51.4160111661
2.899,5.0,-5.0,1.34199215303,48.9705907081,53.3732394388,58.9705907081,52.5585925312
2.91,5.0,-5.0,1.41199817693,49.5679419775,54.5679419775,59.5679419775,53.2617195251
2.922,5.0,-5.0,1.288337602,50.7626445161,55.1652932468,60.1652932468,53.8769556448
2.935,5.0,-5.0,1.44623450014,51.3599957855,55.7626445161,60.7626445161,54.316410016
2.947,5.0,-5.0,1.4283496498,51.9573470548,56.3599957855,61.9573470548,54.9316461357
2.958,5.0,-5.0,1.32257392522,52.5546983241,56.9573470548,62.5546983241,55.6347731296
2.969,5.0,-5.0,1.3925936095,53.1520530086,58.1520530086,63.1520530086,56.6894499601
2.98,5.0,-5.0,1.46260304849,53.7494008628,58.7494008628,63.7494008628,57.3046860798
2.993,5.0,-5.0,0.917369537614,54.3467487171,59.3467487171,64.3467487171,57.8320313252
3.005,5.0,-5.0,1.49682912642,55.5414444255,59.9440965713,64.9440965713,58.4472674449
3.017,5.0,-5.0,1.56683173522,56.13879911,60.5414444255,65.5414444255,58.9746126903
3.028,5.0,-5.0,1.54895029998,56.7361537944,61.13879911,66.7361537944,60.1171940554
3.041,5.0,-5.0,1.00372361929,57.3335084788,62.3335084788,67.3335084788,60.7324301751
3.052,5.0,-5.0,1.07374671866,57.9308563331,62.9308563331,67.9308563331,61.2597617602
3.062,5.0,-5.0,1.05585845322,58.5879410218,63.5879410218,68.5879410218,61.8749978798
3.074,5.0,-5.0,1.6950617067,59.7826435605,64.1852957062,69.1852957062,62.4902339995
3.086,5.0,-5.0,1.7650643155,60.3799914147,64.7826435605,70.3799914147,63.6328153646
3.098,5.0,-5.0,1.74717605007,60.9773460991,65.3799914147,70.9773460991,64.2480514843
3.11,5.0,-5.0,1.72929461482,61.5747007836,65.9773460991,71.5747007836,64.7753967298
3.121,5.0,-5.0,1.79930405381,62.172055468,67.172055468,72.172055468,65.4785168935
3.134,5.0,-5.0,1.07830245484,62.7694033222,67.7694033222,72.7694033222,66.0937530132
3.144,5.0,-5.0,1.14830506364,63.3667511765,68.3667511765,73.3667511765,66.6210982586
3.155,5.0,-5.0,1.72777148264,63.9640990307,68.9640990307,73.9640990307,67.2363275481
3.166,5.0,-5.0,1.7098832172,65.1588015694,69.561446885,74.561446885,67.8515636678
3.179,5.0,-5.0,1.86778353043,65.7561562538,70.1588015694,75.7561562538,68.9941450329
3.194,5.0,-5.0,1.76201122094,66.3535109383,71.3535109383,76.3535109383,69.5214834481
3.207,5.0,-5.0,1.81413922469,67.5482066467,71.9508587925,77.5482066467,70.6640648133
3.224,5.0,-5.0,1.26890571382,68.1455613312,73.1455613312,78.1455613312,71.2793009329
3.235,5.0,-5.0,1.84838579319,69.3402638698,73.7429160156,78.7429160156,71.8945302224
3.247,5.0,-5.0,1.91838840199,69.9376117241,74.3402638698,79.9376117241,72.4218754679
3.259,5.0,-5.0,1.9883910108,70.5349664085,74.9376117241,80.5349664085,72.9492207133
3.27,5.0,-5.0,1.88261870131,71.132321093,75.5349664085,81.132321093,74.1796929527
3.283,5.0,-5.0,1.9526281403,71.7296689472,76.7296689472,81.7296689472,74.7070313679
3.295,5.0,-5.0,1.49529233386,72.3270168014,77.3270168014,82.3270168014,75.2343766133
3.306,5.0,-5.0,2.16264962709,73.5217261703,77.9243714859,83.5217261703,75.7617218588
3.318,5.0,-5.0,2.0568773176,74.178810859,78.5217261703,84.178810859,76.4648488527
3.331,5.0,-5.0,2.18662359108,74.7761587133,79.178810859,84.7761587133,77.6074233876
3.344,5.0,-5.0,2.16873532564,75.3735133977,80.3735133977,85.3735133977,78.2226595073
3.355,5.0,-5.0,1.62350864496,76.5682159364,80.9708680821,85.9708680821,78.7500047527
3.367,5.0,-5.0,2.20298189414,77.1655637906,81.5682159364,86.5682159364,79.3652340422
3.378,5.0,-5.0,2.27298450294,77.762918475,82.1655637906,87.762918475,79.8925792877
3.39,5.0,-5.0,2.2551030677,78.3602663293,82.762918475,88.3602663293,80.5078154073
3.402,5.0,-5.0,2.14932392802,78.9576210137,83.9576210137,88.9576210137,81.8261716908
3.414,5.0,-5.0,2.13144932296,79.554968868,84.554968868,89.554968868,82.3535169362
3.425,5.0,-5.0,1.58621581209,80.1523235524,85.1523235524,90.1523235524,82.9687530559
3.437,5.0,-5.0,2.25357310532,81.3470192609,85.7496714066,90.7496714066,83.4960983013
3.45,5.0,-5.0,2.23569167007,81.9443739453,86.3470192609,91.9443739453,84.1113275908
3.461,5.0,-5.0,2.30570110907,82.5417286297,87.5417286297,92.5417286297,85.2539089559
3.472,5.0,-5.0,2.28781967382,83.139076484,88.139076484,93.139076484,85.8691450756
3.484,5.0,-5.0,1.74259299313,83.7364311684,88.7364311684,93.7364311684,86.3964834908
3.496,5.0,-5.0,2.23416853789,84.9311337071,89.3337790226,94.3337790226,87.0996104848
3.507,5.0,-5.0,2.21628710264,85.5284815613,89.9311337071,95.5284815613,87.7148466044
3.518,5.0,-5.0,2.28628971145,86.1258294156,90.5284815613,96.1258294156,88.2421918499
3.532,5.0,-5.0,2.35629232025,86.7231841,91.7231841,96.7231841,89.3847663848
3.544,5.0,-5.0,2.33841771519,87.3205387844,92.3205387844,97.3205387844,89.9121116302
3.555,5.0,-5.0,1.79319103451,87.9776234731,92.9776234731,97.9776234731,90.5273477499
3.567,5.0,-5.0,2.60816920627,89.1723260118,93.5749713274,98.5749713274,90.9668021211
3.577,5.0,-5.0,2.59029460121,89.7696806962,94.1723260118,99.7696806962,91.5820314106
3.589,5.0,-5.0,2.74819491445,90.3670285505,94.7696806962,100.36702855,92.5488310272
3.601,5.0,-5.0,2.81819752325,90.9643832349,95.3670285505,100.964383235,92.9882853984
3.613,5.0,-5.0,2.97609783648,92.1590857736,95.9643832349,101.561731089,93.5156306439
3.631,5.0,-5.0,3.11611671447,92.7564336278,97.1590857736,102.756433628,94.0429690591
3.643,5.0,-5.0,3.18611932327,93.3537814821,97.7564336278,103.353781482,95.09765955
3.654,5.0,-5.0,3.25612193207,93.9511361665,98.9511361665,103.951136167,95.6250047954
3.666,5.0,-5.0,3.32613137107,94.5484908509,99.5484908509,104.548490851,96.1523432107
3.678,5.0,-5.0,2.78091152057,95.1458387052,100.145838705,105.145838705,96.7675793304
3.692,5.0,-5.0,3.27248023514,96.3405412439,100.743186559,106.340541244,97.9980515697
3.705,5.0,-5.0,3.34248967413,96.9378959283,101.937895928,106.937895928,98.6132808592
3.716,5.0,-5.0,3.32461506907,97.5352437825,102.535243783,107.535243783,99.2285169789
3.727,5.0,-5.0,2.69149068396,98.7896831557,103.192328471,108.789683156,99.8437530986
3.739,5.0,-5.0,3.41858481167,99.3870310099,103.789683156,109.38703101,100.986327633
3.751,5.0,-5.0,3.40070337643,99.9843856944,104.984385694,109.984385694,101.689454627
3.762,5.0,-5.0,3.29493106694,100.581733549,104.984385694,110.581733549,102.304690747
3.774,5.0,-5.0,3.2770428015,101.179088233,106.179088233,111.179088233,103.095708615
3.784,5.0,-5.0,3.08337961778,101.776436087,106.776436087,111.776436087,103.623047031
3.796,5.0,-5.0,3.15338905677,102.373790772,107.373790772,112.373790772,104.23828315
3.807,5.0,-5.0,2.52027150184,102.971138626,107.971138626,112.971138626,104.85351927
3.818,5.0,-5.0,3.09973792084,103.56849331,108.56849331,113.56849331,105.46875539
3.831,5.0,-5.0,3.08185648559,104.763195849,109.165841165,114.763195849,106.083984679
3.843,5.0,-5.0,2.9760841761,105.360543703,109.763195849,115.360543703,107.402347793
3.854,5.0,-5.0,2.95819591067,105.957898388,110.957898388,115.957898388,107.929693038
3.866,5.0,-5.0,3.02820534966,106.555246242,111.555246242,116.555246242,108.544922328
3.877,5.0,-5.0,2.48297866897,107.152600926,112.152600926,117.152600926,109.072267573
3.889,5.0,-5.0,3.06244508797,108.347303465,112.749948781,118.347303465,109.687503693
3.902,5.0,-5.0,3.04456365272,108.944651319,113.347303465,118.944651319,110.917969102
3.914,5.0,-5.0,3.02668221748,109.542006004,114.542006004,119.542006004,111.445314347
3.925,5.0,-5.0,3.09669165647,110.139353858,115.139353858,120.139353858,112.148441341
3.936,5.0,-5.0,3.14881283002,110.736708542,115.736708542,120.736708542,112.587895712
3.948,5.0,-5.0,3.21882909921,111.334063227,116.334063227,121.334063227,113.115234128
3.959,5.0,-5.0,3.20094766396,112.528772596,116.931417911,122.528772596,113.730470247
3.972,5.0,-5.0,3.27095710295,113.185850454,117.528772596,123.185850454,114.873044782
3.984,5.0,-5.0,3.312805672,113.783205139,118.783205139,123.783205139,115.488280902
3.996,5.0,-5.0,2.76757899131,114.380546163,119.380546163,124.380546163,116.015626147
4.007,5.0,-5.0,2.74968389569,114.022384703,119.022384703,124.022384703,116.630862267
4.018,5.0,-5.0,1.1792321602,112.828276391,118.425330547,123.425330547,117.246098387
4.031,5.0,-5.0,0.0548327586569,112.231222235,117.828276391,122.828276391,117.773443632
4.044,5.0,-5.0,-0.89378489441,111.634168079,117.231222235,121.634168079,118.125007129
4.057,5.0,-5.0,-1.49083905052,111.037113922,116.037113922,121.037113922,118.037116255
4.069,5.0,-5.0,-2.42127474001,110.440059766,115.440059766,120.440059766,117.861334506
4.081,5.0,-5.0,-2.57887452492,109.245951454,114.84300561,119.84300561,117.421880135
4.092,5.0,-5.0,-2.82436518407,108.648897298,114.245951454,118.648897298,117.070316638
4.104,5.0,-5.0,-2.98196496898,108.051843142,113.648897298,118.051843142,116.191407896
4.116,5.0,-5.0,-3.13956475389,107.454788986,112.454788986,117.454788986,115.576171776
4.127,5.0,-5.0,-3.12138279032,106.85773483,111.85773483,116.85773483,114.785153908
4.139,5.0,-5.0,-2.64557132217,106.260680674,111.260680674,116.260680674,113.906251996
4.15,5.0,-5.0,-2.45160761012,105.066572361,110.663626518,115.663626518,113.115234128
4.162,5.0,-5.0,-2.25765072826,104.469518205,110.066572361,114.469518205,112.32422309
4.173,5.0,-5.0,-1.97579614197,103.872464049,109.469518205,113.872464049,110.390630687
4.185,5.0,-5.0,-1.51816663739,103.275409893,108.275409893,113.275409893,109.687503693
4.197,5.0,-5.0,-1.41209379958,102.618653053,107.618653053,112.618653053,108.896485825
4.207,5.0,-5.0,-1.0838758892,102.021598897,107.021598897,112.021598897,108.105474787
4.218,5.0,-5.0,-0.204967146803,100.827490585,106.424544741,111.424544741,107.226566044
4.23,5.0,-5.0,-0.432275842381,100.230436429,105.827490585,110.230436429,106.259766428
4.242,5.0,-5.0,-0.23831896052,99.6333822729,105.230436429,109.633382273,104.765628396
4.253,5.0,-5.0,-0.13224612271,99.0363281168,104.036328117,109.036328117,104.062501402
4.266,5.0,-5.0,0.501171960539,98.4392739607,103.439273961,108.439273961,103.535156156
4.278,5.0,-5.0,-0.0958821955686,97.8422198046,102.842219805,107.842219805,103.007817741
4.29,5.0,-5.0,-0.235306847096,97.2451656485,102.245165648,107.245165648,102.480472496
4.302,5.0,-5.0,-0.480797506245,96.0510573363,101.648111492,106.051057336,102.128908999
4.315,5.0,-5.0,-0.726288165393,95.4540031802,101.051057336,105.45400318,101.33789113
4.327,5.0,-5.0,-0.883887950302,94.856949024,99.856949024,104.856949024,100.810552715
4.338,5.0,-5.0,-0.953603691161,94.2598948679,99.2598948679,104.259894868,100.458989218
4.351,5.0,-5.0,-1.44458500946,93.0657865557,98.6628407118,103.065786556,100.107425721
4.365,5.0,-5.0,-1.69007566861,92.4687323996,97.4687323996,102.4687324,99.3164078531
4.379,5.0,-5.0,-1.40822108232,91.8716782435,96.8716782435,101.871678244,98.8769534819
4.391,5.0,-5.0,-2.25076589757,90.6775699313,96.2746240874,100.677569931,98.525389985
4.402,5.0,-5.0,-2.32048163843,90.0208130917,95.6775699313,100.020813092,97.9980515697
4.412,5.0,-5.0,-2.53778410687,89.4834684493,95.0208130917,99.4834684493,97.0312519531
4.424,5.0,-5.0,-2.54778350382,88.8267116096,93.8267116096,98.8267116096,96.4160158334
4.436,5.0,-5.0,-2.58930422378,88.2296574535,93.2296574535,98.2296574535,95.8007865439
4.448,5.0,-5.0,-2.5711290904,87.6326032974,92.6326032974,97.6326032974,95.1855504242
4.46,5.0,-5.0,-2.44687428902,86.4384949852,92.0355491413,97.0355491413,94.4824234303
4.471,5.0,-5.0,-2.34080145121,85.8414408291,91.4384949852,95.8414408291,93.7792964364
4.482,5.0,-5.0,-2.32262631783,85.8414408291,90.8414408291,95.8414408291,93.1640671469
4.495,5.0,-5.0,-2.21655348002,84.6473325169,90.244386673,94.6473325169,91.7578131591
4.506,5.0,-5.0,-2.11048064221,84.0502783608,89.6473325169,94.0502783608,90.9668021211
4.517,5.0,-5.0,-1.91652376035,83.4532242047,89.0502783608,93.4532242047,90.3515660014
4.529,5.0,-5.0,-1.89834179678,82.8561700486,87.8561700486,92.8561700486,89.6484390075
4.54,5.0,-5.0,-1.17703283929,82.2591158924,87.2591158924,92.2591158924,89.0332028878
4.55,5.0,-5.0,-1.07096683167,81.6620617363,86.6620617363,91.6620617363,88.3300827241
4.561,5.0,-5.0,-1.64983902421,81.0650075802,86.0650075802,91.0650075802,87.7148466044
4.572,5.0,-5.0,-1.80743880911,79.870899268,85.4679534241,90.4679534241,87.2753922332
4.584,5.0,-5.0,-1.87714771978,79.2738451119,84.870899268,89.2738451119,86.3085994468
4.596,5.0,-5.0,-2.03475433488,78.6767909558,83.6767909558,88.6767909558,85.7812542013
4.608,5.0,-5.0,-2.10446324555,78.0797367997,83.0797367997,88.0797367997,85.3417998302
4.619,5.0,-5.0,-2.33177194113,77.4826826436,82.4826826436,87.4826826436,84.8144545847
4.63,5.0,-5.0,-1.80442669569,76.8856284875,81.8856284875,86.8856284875,84.2871093393
4.641,5.0,-5.0,-2.47119659266,75.6318174917,81.2885743314,86.2885743314,83.759770924
4.652,5.0,-5.0,-2.6884990611,75.0347633356,80.6318174917,85.0347633356,83.3203165528
4.663,5.0,-5.0,-2.75820797177,74.4377091795,80.0347633356,84.4377091795,82.2656260619
4.675,5.0,-5.0,-2.82791688244,73.8406550234,78.8406550234,83.8406550234,81.562499068
4.687,5.0,-5.0,-2.72184404463,73.2436008673,78.2436008673,83.2436008673,81.0351606528
4.698,5.0,-5.0,-2.08843279157,72.6465467112,77.6465467112,82.6465467112,80.3320336589
4.708,5.0,-5.0,-2.68548694768,72.0494925551,77.0494925551,82.0494925551,79.6289066649
4.719,5.0,-5.0,-2.57941410987,71.452438399,76.452438399,81.452438399,78.837895627
4.731,5.0,-5.0,-1.77022110833,70.8553842429,75.8553842429,80.8553842429,78.2226595073
4.743,5.0,-5.0,-2.34909330086,70.2583300868,75.2583300868,80.2583300868,77.6074233876
4.753,5.0,-5.0,-2.33091133729,69.0642217745,74.6612759307,79.6612759307,76.9921872679
4.765,5.0,-5.0,-2.31273620391,68.4671676184,74.0642217745,79.0642217745,76.3769579785
4.776,5.0,-5.0,-2.29455424034,67.8701134623,73.4671676184,77.8701134623,75.7617218588
4.787,5.0,-5.0,-2.36426315101,67.2730593062,72.8701134623,77.2730593062,74.7070313679
4.799,5.0,-5.0,-2.43397206168,66.6760051501,71.6760051501,76.6760051501,74.0918020784
4.81,5.0,-5.0,-1.88845168286,66.078950994,71.078950994,76.078950994,73.564456833
4.822,5.0,-5.0,-2.55521474964,65.4818968379,70.4818968379,75.4818968379,73.0371115875
4.833,5.0,-5.0,-2.62492366031,64.2877885257,69.8848426818,74.8848426818,72.5097663421
4.844,5.0,-5.0,-2.69463257098,63.6907343696,69.2877885257,73.6907343696,71.9824210967
4.855,5.0,-5.0,-2.67645743759,63.0936802135,68.6907343696,73.0936802135,71.3671918072
4.866,5.0,-5.0,-2.74616634826,62.4966260574,67.4966260574,72.4966260574,70.3125013163
4.878,5.0,-5.0,-2.81587525893,61.8995719013,66.8995719013,71.8995719013,69.7851560709
4.89,5.0,-5.0,-2.27035488011,60.6457609055,66.3025177451,71.3025177451,69.1699267814
4.903,5.0,-5.0,-2.82103888194,60.0487067494,65.6457609055,70.6457609055,68.4667997874
4.914,5.0,-5.0,-2.89074779261,59.4516525933,65.0487067494,69.4516525933,67.939454542
4.926,5.0,-5.0,-2.7846749548,58.8545984372,64.4516525933,68.8545984372,66.6210982586
4.938,5.0,-5.0,-2.76649982142,58.2575442811,63.8545984372,68.2575442811,66.0058621389
4.951,5.0,-5.0,-2.74831785785,57.660490125,62.660490125,67.660490125,65.214851101
4.962,5.0,-5.0,-1.93912485631,57.0634359689,62.0634359689,67.0634359689,64.5996149813
4.973,5.0,-5.0,-2.60588792309,56.4663818128,61.4663818128,66.4663818128,64.0722697358
4.985,5.0,-5.0,-2.58770595952,55.2722735005,60.8693276566,65.8693276566,63.4570336162
4.997,5.0,-5.0,-2.65741487019,54.6752193444,60.2722735005,64.6752193444,62.9296883707
5.008,5.0,-5.0,-2.72712378086,54.0781651883,59.6752193444,64.0781651883,61.7871070056
5.02,5.0,-5.0,-2.70894181729,53.4811110322,58.4811110322,63.4811110322,61.2597617602
5.032,5.0,-5.0,-2.2513191429,52.8840568761,57.8840568761,62.8840568761,60.7324301751
5.044,5.0,-5.0,-2.91807879458,52.2870061351,57.2870061351,62.2870061351,60.2050849297
5.056,5.0,-5.0,-2.98778429015,51.0929046531,56.6899553941,61.0929046531,59.0625035646
5.067,5.0,-5.0,-2.96959891149,50.4958539121,56.0929046531,60.4958539121,58.5351583191
5.079,5.0,-5.0,-3.03930440706,49.898803171,54.898803171,59.898803171,57.9199221994
5.091,5.0,-5.0,-2.40588290872,49.30175243,54.30175243,59.30175243,57.3046860798
5.104,5.0,-5.0,-2.98474827107,48.0479448494,53.704701689,58.704701689,56.6894499601
5.115,5.0,-5.0,-3.02626899103,47.4508941084,53.0479448494,58.0479448494,56.0742138404
5.126,5.0,-5.0,-3.09598814698,46.8538433673,52.4508941084,56.8538433673,55.5468822553
5.136,5.0,-5.0,-2.98991189408,46.2567926263,51.8538433673,56.2567926263,54.2285191417
5.147,5.0,-5.0,-2.97172651541,45.6597418853,50.6597418853,55.6597418853,53.6132830221
5.159,5.0,-5.0,-2.95354113675,45.0626911443,50.6597418853,55.0626911443,52.9980469024
5.17,5.0,-5.0,-2.93535575808,44.4656404033,49.4656404033,54.4656404033,52.3828107827
5.187,5.0,-5.0,-2.89898500075,43.2715389213,48.8685896623,53.2715389213,51.767574663
5.201,5.0,-5.0,-2.96869049633,42.6744881803,47.6744881803,52.6744881803,50.7128978325
5.215,5.0,-5.0,-3.02022427362,41.4803866982,47.0774374392,52.0774374392,50.0976617129
5.228,5.0,-5.0,-3.08992976919,40.8833359572,46.4803866982,50.8833359572,49.042971222
5.241,5.0,-5.0,-3.15963526476,40.2862852162,45.2862852162,50.2862852162,48.4277351023
5.253,5.0,-5.0,-2.61410464066,39.6892344752,44.6892344752,49.6892344752,47.9003898569
5.264,5.0,-5.0,-3.19297000301,38.4951329932,44.0921837342,49.0921837342,47.2851537372
5.276,5.0,-5.0,-3.26267549858,37.8980822522,43.4951329932,48.4951329932,46.7578084917
5.287,5.0,-5.0,-3.2445037803,37.3010315111,42.8980822522,47.3010315111,46.1425860325
5.299,5.0,-5.0,-3.22631840163,36.7039807701,41.7039807701,46.7039807701,44.9121137931
5.311,5.0,-5.0,-3.20813302297,36.1069300291,41.1069300291,46.1069300291,44.3847685477
5.323,5.0,-5.0,-3.17176226564,35.5098792881,40.5098792881,45.5098792881,43.6816415537
5.334,5.0,-5.0,-3.24146776121,34.3157778061,39.9128285471,44.9128285471,43.1542963083
5.346,5.0,-5.0,-3.22328238254,33.6590209664,39.3157778061,44.3157778061,42.5390601886
5.357,5.0,-5.0,-3.35269397675,33.0619702254,38.0619702254,43.0619702254,41.3086016096
5.369,5.0,-5.0,-3.24663138422,32.4649194844,38.0619702254,42.4649194844,41.3086016096
5.381,5.0,-5.0,-3.3163368798,31.8678687434,36.8678687434,41.8678687434,39.990238496
5.393,5.0,-5.0,-3.12236975265,31.2708180024,36.2708180024,41.2708180024,39.4628932506
5.404,5.0,-5.0,-2.57683912855,30.6737672614,35.6737672614,40.6737672614,38.8476571309
5.415,5.0,-5.0,-2.55865374988,30.0767165204,35.0767165204,40.0767165204,38.2324210113
5.426,5.0,-5.0,-3.13751911223,29.4796657793,34.4796657793,39.4796657793,37.6171848916
5.437,5.0,-5.0,-3.11933373357,28.2855642973,33.8826150383,38.2855642973,37.0019487719
5.449,5.0,-5.0,-3.18905288952,27.6885135563,33.2855642973,37.6885135563,36.4746171868
5.461,5.0,-5.0,-3.25875838509,27.0914628153,32.0914628153,37.0914628153,35.2441449475
5.472,5.0,-5.0,-3.15268213219,26.4944120743,31.4944120743,36.4944120743,34.716799702
5.484,5.0,-5.0,-3.2042022491,25.8973613333,30.8973613333,35.8973613333,34.1015635824
5.497,5.0,-5.0,-3.27390774467,24.7032598512,30.3003105923,34.7032598512,33.5742183369
5.51,5.0,-5.0,-3.25572236601,24.1062091102,29.7032598512,34.1062091102,32.4316369718
5.522,5.0,-5.0,-3.32542786158,23.5091566617,28.5091566617,33.5091566617,31.8164008521
5.533,5.0,-5.0,-2.60413085693,22.9121042131,27.9121042131,32.9121042131,31.1132875186
5.544,5.0,-5.0,-2.67383806005,22.3150517645,27.3150517645,32.3150517645,30.5859422732
5.555,5.0,-5.0,-3.31241122857,21.0612424763,26.6582949249,31.6582949249,29.9707061535
5.566,5.0,-5.0,-3.38211843169,21.0612424763,26.0612424763,31.0612424763,29.443360908
5.577,5.0,-5.0,-3.45182563482,20.4641900278,25.4641900278,30.4641900278,28.9160156626
5.589,5.0,-5.0,-3.25786021522,19.2700851307,24.8671375792,29.2700851307,27.4218708005
5.601,5.0,-5.0,-3.15178566986,18.6730326821,24.2700851307,28.6730326821,26.8945255551
5.612,5.0,-5.0,-3.22149287298,18.0759802335,23.0759802335,28.0759802335,26.2793030958
5.624,5.0,-5.0,-3.20332286224,17.478927785,22.478927785,27.478927785,25.7519578503
5.635,5.0,-5.0,-2.56990307145,16.8818753364,21.8818753364,26.8818753364,25.0488308564
5.646,5.0,-5.0,-3.23666272313,16.2848228879,21.2848228879,26.2848228879,24.521485611
5.657,5.0,-5.0,-3.21847905201,15.0907179907,20.6877704393,25.6877704393,23.9062494913
5.669,5.0,-5.0,-3.20029538089,14.4936655422,20.0907179907,24.4936655422,22.675777252
5.681,5.0,-5.0,-3.18211170978,13.8966130936,18.8966130936,23.8966130936,22.2363228808
5.695,5.0,-5.0,-2.72448732784,13.2995606451,18.2995606451,23.2995606451,21.6211004215
5.706,5.0,-5.0,-2.70630365672,12.7025081965,17.7025081965,22.7025081965,21.0058643018
5.717,5.0,-5.0,-3.28517243416,11.5084032994,17.1054557479,22.1054557479,20.3906281821
5.729,5.0,-5.0,-3.35487963728,10.9113508508,16.5084032994,20.9113508508,19.8632829367
5.739,5.0,-5.0,-3.33669596617,10.3142984023,15.9113508508,20.3142984023,18.6328106973
5.75,5.0,-5.0,-3.31851229505,9.7172459537,15.3142984023,19.7172459537,18.0175745776
5.762,5.0,-5.0,-3.30032862393,9.12019435891,14.1201943589,19.1201943589,17.402338458
5.773,5.0,-5.0,-2.75481251398,8.52314276413,13.5231427641,18.5231427641,16.8750068729
5.784,5.0,-5.0,-2.73662798909,7.86638592448,12.8663859245,17.8663859245,16.2597707532
5.795,5.0,-5.0,-3.2873094296,7.2693343297,12.2693343297,17.2693343297,15.5566437593
5.807,5.0,-5.0,-3.26912490471,6.07523114012,11.6722827349,16.6722827349,14.9414076396
5.818,5.0,-5.0,-3.16304950558,5.47817954534,11.0752311401,15.4781795453,14.2382806457
5.829,5.0,-5.0,-3.14486498068,4.88112795055,10.4781795453,15.4781795453,13.623044526
5.841,5.0,-5.0,-3.12668045579,4.28407635577,9.88112795055,14.2840763558,13.0078084063
5.853,5.0,-5.0,-3.1084959309,3.68702476098,8.68702476098,13.687024761,11.6894589531
5.866,5.0,-5.0,-2.47508894671,3.08997316619,8.08997316619,13.0899731662,11.1621137077
5.879,5.0,-5.0,-3.0539560166,1.89586954973,7.49292157141,12.4929215714,10.546877588
5.891,5.0,-5.0,-3.12366279284,1.29881752806,6.89586954973,11.2988175281,9.40429622289
5.905,5.0,-5.0,-3.10547869484,0.701765506385,5.70176550639,10.7017655064,8.78906010322
5.916,5.0,-5.0,-2.55994935139,0.104713484712,5.10471348471,10.1047134847,8.26171485778
5.928,5.0,-5.0,-3.13881727506,-1.08939055863,4.50766146304,9.50766146304,7.6464787381
5.94,5.0,-5.0,-3.20853771167,-1.68644258031,3.91060944137,8.31355741969,7.11914715304
5.951,5.0,-5.0,-3.19035361367,-2.28349460198,3.31355741969,7.71650539802,5.88867491368
5.962,5.0,-5.0,-3.17216951566,-2.88054641021,2.11945358979,7.11945358979,5.27343879401
5.973,5.0,-5.0,-3.15398520422,-3.47759821844,1.52240178156,6.52240178156,4.65820267433
5.984,5.0,-5.0,-3.13580089277,-4.07465013339,0.925349866607,5.92534986661,3.95507568041
5.995,5.0,-5.0,-2.41448969412,-4.67170204834,0.328297951655,5.32829795166,3.33983956073
6.006,5.0,-5.0,-2.99335740435,-5.2687539633,-0.268753963297,4.7312460367,2.72460344105
6.018,5.0,-5.0,-3.06307773424,-6.4628577932,-0.865805878248,3.5371422068,2.19727185599
6.029,5.0,-5.0,-3.04489352951,-7.11961473956,-1.4628577932,2.88038526044,1.58203573632
6.04,5.0,-5.0,-3.0864143562,-7.71666676124,-2.71666676124,2.28333323876,0.439454371199
6.052,5.0,-5.0,-3.15612113244,-8.31371878291,-3.31371878291,1.68628121709,-0.263672622719
6.063,5.0,-5.0,-3.05004616019,-8.91077080458,-3.31371878291,1.08922919542,-0.878908742397
6.074,5.0,-5.0,-3.03186206219,-9.50782282626,-4.50782282626,0.492177173742,-1.49414486208
6.087,5.0,-5.0,-2.31055097026,-10.1048748479,-5.10487484793,-0.104874847931,-2.19727185599
6.1,5.0,-5.0,-3.06521430279,-11.2989788913,-5.7019268696,-0.701926869604,-2.63671256681
6.111,5.0,-5.0,-2.95913933055,-11.896030913,-6.29897889128,-1.89603091295,-3.33983956073
6.122,5.0,-5.0,-2.94095523254,-12.4930829346,-6.89603091295,-2.49308293462,-4.48242092585
6.134,5.0,-5.0,-3.01066200878,-13.0901345294,-8.09013452941,-3.09013452941,-5.09765704553
6.146,5.0,-5.0,-2.99247748389,-13.6871861242,-8.6871861242,-3.6871861242,-5.62500229096
6.16,5.0,-5.0,-3.04399930834,-14.8812893138,-9.28423771898,-4.28423771898,-6.24023841064
6.171,5.0,-5.0,-3.11370565769,-15.4783409086,-9.88128931377,-5.47834090856,-6.76758365608
6.182,5.0,-5.0,-3.09553479318,-16.0753925033,-10.4783409086,-6.07539250334,-7.99804223506
6.195,5.0,-5.0,-3.07735026829,-16.6724440981,-11.6724440981,-6.67244409813,-8.61327835474
6.205,5.0,-5.0,-3.05916574339,-17.2694956929,-12.2694956929,-7.26949569292,-9.14062360017
6.216,5.0,-5.0,-2.42574509882,-17.8665472877,-12.8665472877,-7.8665472877,-9.84375059409
6.228,5.0,-5.0,-3.09250304296,-18.4635988825,-13.4635988825,-8.46359888249,-10.3710958395
6.239,5.0,-5.0,-3.07431851807,-19.6577020721,-14.0606504773,-9.65770207206,-10.9863319592
6.252,5.0,-5.0,-2.96824311894,-20.2547545206,-14.6577020721,-10.2547545206,-12.1289133243
6.264,5.0,-5.0,-3.1258411963,-20.9115113603,-15.9115113603,-10.9115113603,-12.8320266579
6.276,5.0,-5.0,-2.46424858272,-21.5085638088,-16.5085638088,-11.5085638088,-13.4472627775
6.288,5.0,-5.0,-3.04311736017,-22.7026687059,-17.1056162574,-12.1056162574,-14.0624988972
6.299,5.0,-5.0,-3.11282456329,-23.2997211545,-17.7026687059,-13.2997211545,-14.5898441427
6.309,5.0,-5.0,-3.00675001793,-23.8967736031,-18.2997211545,-13.8967736031,-15.2929711366
6.32,5.0,-5.0,-2.98856634681,-24.4938260516,-18.8967736031,-14.4938260516,-15.9082072563
6.332,5.0,-5.0,-2.97038267569,-25.0908785002,-20.0908785002,-15.0908785002,-17.1386658352
6.343,5.0,-5.0,-2.95221266495,-25.6879309487,-20.0908785002,-15.6879309487,-17.7539019549
6.359,5.0,-5.0,-2.23090199992,-26.8820358459,-21.2849833973,-16.2849833973,-18.4570289488
6.375,5.0,-5.0,-2.8976616516,-27.4790882944,-22.4790882944,-17.4790882944,-19.5996103139
6.389,5.0,-5.0,-2.35213273504,-28.6731931915,-23.076140743,-18.076140743,-20.1269555594
6.402,5.0,-5.0,-2.93100151249,-29.2702456401,-23.6731931915,-19.2702456401,-20.7421916791
6.414,5.0,-5.0,-2.91281784137,-29.8672980887,-24.2702456401,-19.8672980887,-21.972650258
6.425,5.0,-5.0,-2.89464783063,-30.4643505372,-25.4643505372,-20.4643505372,-22.5878863777
6.437,5.0,-5.0,-2.26122803983,-31.0614029858,-26.0614029858,-21.0614029858,-23.2031224974
6.45,5.0,-5.0,-2.84009681728,-32.2555078829,-26.6584554343,-22.2555078829,-23.8183586171
6.461,5.0,-5.0,-2.73402227192,-32.8525603315,-27.2555078829,-22.8525603315,-24.521485611
6.473,5.0,-5.0,-2.80372947504,-33.44961278,-27.8525603315,-23.44961278,-25.0488308564
6.485,5.0,-5.0,-2.69765492968,-34.046663521,-29.046663521,-24.046663521,-26.36719397
6.497,5.0,-5.0,-2.15213796596,-34.7034203607,-29.7034203607,-24.7034203607,-26.8945255551
6.506,5.0,-5.0,-2.10576781168,-35.3004711017,-30.3004711017,-25.3004711017,-27.597652549
6.518,5.0,-5.0,-2.77252404827,-35.8975218427,-30.8975218427,-25.8975218427,-28.1249977944
6.529,5.0,-5.0,-2.66644779537,-36.4945725837,-31.4945725837,-26.4945725837,-28.8281247884
6.539,5.0,-5.0,-2.73615329094,-37.0916233247,-32.0916233247,-27.0916233247,-29.3554700338
6.551,5.0,-5.0,-2.71796791227,-38.2857248068,-32.6886740658,-27.6886740658,-29.9707061535
6.564,5.0,-5.0,-2.69978253361,-38.8827755478,-33.2857248068,-28.8827755478,-30.5859422732
6.575,5.0,-5.0,-2.5937062807,-39.4798262888,-33.8827755478,-29.4798262888,-31.9042917264
6.588,5.0,-5.0,-2.57553456242,-40.0768770298,-35.0768770298,-30.0768770298,-32.519527846
6.6,5.0,-5.0,-1.94211306407,-40.6739277708,-35.6739277708,-30.6739277708,-33.1347639657
6.61,5.0,-5.0,-2.60886930066,-41.2709785118,-36.2709785118,-31.2709785118,-33.6621092112
6.621,5.0,-5.0,-2.67857479624,-41.8680292528,-36.8680292528,-31.8680292528,-34.1894544566
6.632,5.0,-5.0,-2.66038941757,-43.0621307349,-37.4650799939,-32.4650799939,-34.8046905763
6.644,5.0,-5.0,-2.73009491315,-43.6591814759,-38.0621307349,-33.6591814759,-35.9472719414
6.655,5.0,-5.0,-2.71190953448,-44.2562322169,-38.6591814759,-34.2562322169,-36.5624944007
6.666,5.0,-5.0,-2.69373781619,-44.8532829579,-39.8532829579,-34.8532829579,-37.0898396461
6.677,5.0,-5.0,-2.14820719209,-45.4503336989,-40.4503336989,-35.4503336989,-37.7050757658
6.689,5.0,-5.0,-2.7452579331,-46.6444351809,-41.0473844399,-36.0473844399,-38.4082027597
6.701,5.0,-5.0,-2.53310542729,-47.241485922,-41.6444351809,-37.241485922,-39.1113297537
6.713,5.0,-5.0,-2.60281092287,-47.8982427616,-42.241485922,-37.8982427616,-39.6386749991
6.725,5.0,-5.0,-2.64433164283,-48.4952935026,-43.4952935026,-38.4952935026,-40.8691472384
6.736,5.0,-5.0,-2.62614626417,-49.0923442436,-43.4952935026,-39.0923442436,-41.4843696977
6.748,5.0,-5.0,-2.60797454588,-49.6893949846,-44.6893949846,-39.6893949846,-42.1874966917
6.76,5.0,-5.0,-2.48371291431,-50.2864457257,-45.2864457257,-40.2864457257,-42.8027328113
6.77,5.0,-5.0,-2.64130928412,-51.4805472077,-45.8834964667,-40.8834964667,-43.2421871825
6.781,5.0,-5.0,-2.53523303122,-51.4805472077,-46.4805472077,-41.4805472077,-43.9453141765
6.793,5.0,-5.0,-2.51704765255,-52.6746486897,-47.0775979487,-42.0775979487,-44.5605502961
6.804,5.0,-5.0,-2.41097139965,-53.2716994307,-47.6746486897,-43.2716994307,-45.2636772901
6.815,5.0,-5.0,-2.39278602098,-53.8687501717,-48.2716994307,-43.8687501717,-45.8789134097
6.825,5.0,-5.0,-2.3746143027,-54.4658009127,-48.8687501717,-44.4658009127,-47.1093719887
6.836,5.0,-5.0,-2.35642892403,-55.0628516538,-49.4658009127,-45.0628516538,-47.6367172341
6.849,5.0,-5.0,-2.42613441961,-55.6599023948,-50.6599023948,-45.6599023948,-48.2519533538
6.861,5.0,-5.0,-2.38976366228,-56.2569531358,-51.2569531358,-46.2569531358,-48.8671894735
6.872,5.0,-5.0,-2.37159194399,-56.8540038768,-51.8540038768,-46.8540038768,-49.4824119328
6.883,5.0,-5.0,-2.44129743956,-58.0481053588,-52.4510546178,-48.0481053588,-50.0097571782
6.897,5.0,-5.0,-2.33522118666,-58.6451560998,-53.6451560998,-48.6451560998,-51.3281202918
6.909,5.0,-5.0,-2.31703580799,-59.2422068408,-54.2422068408,-49.2422068408,-51.9433564115
6.92,5.0,-5.0,-1.68361430965,-59.8392575819,-54.8392575819,-49.8392575819,-52.5585925312
6.93,5.0,-5.0,-2.17458879776,-60.4363083229,-55.4363083229,-50.4363083229,-53.2617195251
6.943,5.0,-5.0,-2.24429429333,-61.6304098049,-56.0333590639,-51.6304098049,-53.7890647705
6.955,5.0,-5.0,-2.13821804043,-62.2871666445,-56.6304098049,-52.2871666445,-55.1074278841
6.966,5.0,-5.0,-2.17973876039,-62.8842208006,-57.2871666445,-52.8842208006,-55.5468822553
6.977,5.0,-5.0,-2.3373385453,-63.4812749568,-58.4812749568,-53.4812749568,-56.162118375
6.987,5.0,-5.0,-2.31915658173,-64.0783291129,-58.4812749568,-54.0783291129,-56.7773544947
7.0,5.0,-5.0,-2.30097461816,-64.675383269,-59.675383269,-54.675383269,-57.4804814886
7.011,5.0,-5.0,-1.57966566067,-65.2724374251,-60.2724374251,-55.2724374251,-58.0957176083
7.022,5.0,-5.0,-2.15856517397,-65.8694915812,-60.8694915812,-55.8694915812,-58.7109264072
7.035,5.0,-5.0,-2.1403832104,-67.0635998934,-61.4665457373,-56.4665457373,-59.3261625269
7.047,5.0,-5.0,-2.21009212107,-67.6606540495,-62.0635998934,-57.6606540495,-60.5566347663
7.06,5.0,-5.0,-2.10401928325,-68.2577082056,-63.2577082056,-58.2577082056,-61.1718708859
7.071,5.0,-5.0,-1.47060120001,-68.8547623617,-63.8547623617,-58.8547623617,-61.7871070056
7.083,5.0,-5.0,-2.04947339254,-70.0488706739,-64.4518165178,-59.4518165178,-62.4023431253
7.096,5.0,-5.0,-2.03129142897,-70.64592483,-65.0488706739,-60.64592483,-63.6328153646
7.108,5.0,-5.0,-2.0131094654,-71.2429789862,-66.2429789862,-61.2429789862,-64.3359423586
7.121,5.0,-5.0,-1.37969138215,-71.8400331423,-66.8400331423,-61.8400331423,-64.863287604
7.133,5.0,-5.0,-1.95856357469,-72.4370872984,-67.4370872984,-62.4370872984,-65.4785237237
7.144,5.0,-5.0,-2.02827248536,-73.6311956106,-68.0341414545,-63.0341414545,-66.0058689691
7.154,5.0,-5.0,-2.01009052179,-74.2282497667,-68.6311956106,-64.2282497667,-66.6211050888
7.165,5.0,-5.0,-1.99190855822,-74.8253039228,-69.2282497667,-64.8253039228,-67.2363412085
7.177,5.0,-5.0,-1.97372659465,-75.4223580789,-69.8253039228,-65.4223580789,-68.4667861271
7.191,5.0,-5.0,-1.9970926718,-76.6761690747,-71.0791149185,-66.0791149185,-69.0820222467
7.206,5.0,-5.0,-2.15469245671,-77.2732232308,-72.2732232308,-67.2732232308,-70.1367127376
7.22,5.0,-5.0,-1.43338349922,-77.8702773869,-72.8702773869,-67.8702773869,-70.8398397315
7.233,5.0,-5.0,-2.01225569176,-78.467331543,-73.467331543,-68.467331543,-71.4550758512
7.246,5.0,-5.0,-1.99407372819,-79.6614398552,-74.0643856991,-69.6614398552,-72.0703119709
7.259,5.0,-5.0,-1.88800089037,-80.2584940113,-75.2584940113,-70.2584940113,-73.3886750845
7.271,5.0,-5.0,-1.8698189268,-80.8555481674,-75.8555481674,-70.8555481674,-74.0039112042
7.283,5.0,-5.0,-1.83345499966,-81.4526023235,-76.4526023235,-71.4526023235,-74.6191473239
7.296,5.0,-5.0,-1.81527303609,-82.6467106357,-77.0496564796,-72.6467106357,-75.2343834435
7.308,5.0,-5.0,-1.88498194676,-83.2437647918,-77.6467106357,-73.2437647918,-76.3769648086
7.32,5.0,-5.0,-1.86679998319,-83.8408189479,-78.8408189479,-73.8408189479,-76.9922009283
7.331,5.0,-5.0,-1.84861801962,-84.4378731041,-79.4378731041,-74.4378731041,-77.5195461738
7.343,5.0,-5.0,-1.90017228748,-85.6916840998,-80.0349272602,-75.6916840998,-78.1347549727
7.355,5.0,-5.0,-2.02958388168,-86.2887382559,-80.6916840998,-76.2887382559,-78.6621002181
7.365,5.0,-5.0,-2.09929279235,-86.885792412,-81.2887382559,-76.885792412,-79.1894454636
7.375,5.0,-5.0,-1.99321995454,-87.4828465681,-81.885792412,-77.4828465681,-79.8925724575
7.386,5.0,-5.0,-2.06292886521,-88.0799007242,-82.4828465681,-78.0799007242,-80.4199177029
7.398,5.0,-5.0,-2.04474690164,-88.6769548803,-83.0799007242,-78.6769548803,-81.7382808165
7.409,5.0,-5.0,-1.93867406383,-89.2740090364,-83.6769548803,-79.2740090364,-82.4414078104
7.42,5.0,-5.0,-1.83260122602,-89.8710631926,-84.8710631926,-79.8710631926,-82.9687530559
7.431,5.0,-5.0,-1.90231013669,-90.4681173487,-85.4681173487,-80.4681173487,-83.5839891755
7.443,5.0,-5.0,-1.26889205344,-91.0651715048,-86.0651715048,-81.0651715048,-84.1992252952
7.455,5.0,-5.0,-1.84776424597,-91.6622256609,-86.6622256609,-81.6622256609,-84.8144614149
7.465,5.0,-5.0,-1.8295822824,-92.8563271429,-87.259279817,-82.259279817,-85.4296975346
7.477,5.0,-5.0,-1.89928436288,-93.453381299,-87.8563271429,-83.453381299,-86.5722788997
7.489,5.0,-5.0,-1.88110239931,-94.0504354551,-89.0504354551,-84.0504354551,-87.1875150194
7.502,5.0,-5.0,-1.33560251106,-94.647482781,-89.647482781,-84.647482781,-87.7148329441
7.514,5.0,-5.0,-1.91446787341,-95.2445369371,-90.2445369371,-85.2445369371,-88.3300690637
7.525,5.0,-5.0,-1.80838820541,-96.4386384192,-90.8415842631,-85.8415842631,-89.0331960577
7.536,5.0,-5.0,-1.87809711608,-97.0356857451,-91.4386384192,-87.0356857451,-89.5605413031
7.548,5.0,-5.0,-1.85990832232,-97.632733071,-92.0356857451,-87.632733071,-90.7910135424
7.56,5.0,-5.0,-1.84171952856,-98.2297872271,-93.2297872271,-88.2297872271,-91.4062496621
7.571,5.0,-5.0,-1.29619231955,-98.8268413832,-93.8268413832,-88.8268413832,-91.9335949076
7.583,5.0,-5.0,-1.8750576819,-99.4238887091,-94.4238887091,-89.4238887091,-92.5488310272
7.594,5.0,-5.0,-1.85687571833,-100.020942865,-95.0209428652,-90.0209428652,-93.1640671469
7.604,5.0,-5.0,-1.81050556405,-101.274747031,-95.6776997049,-90.6776997049,-93.8671941408
7.616,5.0,-5.0,-1.88020764453,-101.871794357,-96.2747470308,-91.8717943567,-94.3945393863
7.628,5.0,-5.0,-1.94990972501,-102.468848513,-97.4688485128,-92.4688485128,-95.6250116256
7.64,5.0,-5.0,-1.8438368872,-103.065895839,-98.0658958388,-93.0658958388,-96.2402477453
7.653,5.0,-5.0,-1.82564809344,-103.662949995,-98.6629499949,-93.6629499949,-96.855483865
7.665,5.0,-5.0,-1.61352290839,-104.259997321,-99.2599973208,-94.2599973208,-97.6464744124
7.677,5.0,-5.0,-1.59534094482,-105.454098803,-99.8570514769,-94.8570514769,-98.2617105321
7.689,5.0,-5.0,-1.6650430253,-106.051152959,-100.454098803,-96.0511529589,-99.4042918972
7.702,5.0,-5.0,-1.64686106173,-106.648200285,-101.648200285,-96.6482002848,-100.019528017
7.713,5.0,-5.0,-1.62867226797,-107.245254441,-102.245254441,-97.2452544409,-100.634764137
7.723,5.0,-5.0,-0.995254184719,-107.842301767,-102.842301767,-97.8423017669,-101.250000256
7.735,5.0,-5.0,-1.66201042131,-108.439355923,-103.439355923,-98.439355923,-101.777345502
7.748,5.0,-5.0,-1.64382162755,-109.633457405,-104.036403249,-99.633457405,-102.392581621
7.76,5.0,-5.0,-1.62563966398,-110.230504731,-105.230504731,-100.230504731,-103.623053861
7.772,5.0,-5.0,-1.60745087022,-110.827558887,-105.827558887,-100.827558887,-104.23828998
7.783,5.0,-5.0,-1.65897098713,-111.424606213,-106.424606213,-101.424606213,-104.765635226
7.795,5.0,-5.0,-1.13162574169,-112.021660369,-107.021660369,-102.021660369,-105.292980471
7.805,5.0,-5.0,-1.68230974352,-113.275464535,-107.678417209,-102.678417209,-105.996107465
7.817,5.0,-5.0,-1.752011824,-113.872518691,-108.275464535,-103.275464535,-106.523452711
7.828,5.0,-5.0,-1.73385718119,-114.469566017,-108.872518691,-104.469566017,-107.13866151
7.84,5.0,-5.0,-1.71566838743,-115.066620173,-109.469566017,-105.066620173,-108.369133749
7.853,5.0,-5.0,-0.994359429938,-115.663667499,-110.663667499,-105.663667499,-109.072260743
7.864,5.0,-5.0,-1.66111566653,-116.260721655,-111.260721655,-106.260721655,-109.599605988
7.876,5.0,-5.0,-1.55503599853,-116.857768981,-111.857768981,-106.857768981,-110.302732982
7.888,5.0,-5.0,-1.44896316072,-118.051870463,-112.454823137,-108.051870463,-111.005859976
7.902,5.0,-5.0,-1.5186652412,-118.648924619,-113.648924619,-108.648924619,-112.148441341
7.913,5.0,-5.0,-1.50048327763,-119.245971945,-114.245971945,-109.245971945,-112.763677461
7.924,5.0,-5.0,-1.48229448387,-119.843019271,-114.843019271,-109.843019271,-113.378913581
7.935,5.0,-5.0,-0.848869570428,-120.440073427,-115.440073427,-110.440073427,-113.9941497
7.946,5.0,-5.0,-1.42774176296,-121.037127583,-116.037127583,-111.037127583,-114.60938582
7.958,5.0,-5.0,-1.40955979939,-122.231235895,-116.634181739,-111.634181739,-115.22462194
7.97,5.0,-5.0,-1.39137783582,-122.828290051,-117.231235895,-112.828290051,-115.839858059
7.982,5.0,-5.0,-1.46108674649,-123.425330547,-118.425330547,-113.425330547,-116.982412104
7.994,5.0,-5.0,-1.4429184433,-124.022384703,-119.022384703,-114.022384703,-117.597648223
